City_ID,City,Country,Date,Lat,Lng,Max Temp,Humidity,Cloudiness,Wind Speed
0,Kyzyl-Suu,KG,2021-05-26 22:01:16,42.3414,78.0056,55.38,48,94,4.41
1,Meulaboh,ID,2021-05-26 22:03:32,4.1363,96.1285,78.15,89,100,15.86
2,Hof,DE,2021-05-26 22:03:32,50.3167,11.9167,47.44,84,100,8.99
3,Tuktoyaktuk,CA,2021-05-26 22:03:32,69.4541,-133.0374,31.77,79,93,9.55
4,Punta Arenas,CL,2021-05-26 22:02:25,-53.15,-70.9167,35.11,64,47,14.36
5,Saint-Philippe,RE,2021-05-26 22:03:33,-21.3585,55.7679,71.19,83,31,2.71
6,Iida,JP,2021-05-26 22:03:33,35.5197,137.8207,57.47,100,100,1.86
7,Albany,US,2021-05-26 22:00:08,42.6001,-73.9662,72.18,86,64,3.0
8,Qaanaaq,GL,2021-05-26 22:03:33,77.484,-69.3632,34.9,78,30,2.95
9,Vaini,TO,2021-05-26 22:03:33,-21.2,-175.2,78.96,73,20,10.36
10,Nuuk,GL,2021-05-26 22:03:34,64.1835,-51.7216,50.61,43,75,24.16
11,Cabadiangan,PH,2021-05-26 22:03:34,9.7531,122.4739,79.16,84,57,2.86
12,Luderitz,NA,2021-05-26 22:03:34,-26.6481,15.1594,63.61,67,59,4.14
13,Bluff,NZ,2021-05-26 22:03:34,-46.6,168.3333,44.37,79,94,14.52
14,Roma,US,2021-05-26 22:03:35,43.2128,-75.4557,75.06,91,90,4.61
15,Leshukonskoye,RU,2021-05-26 22:03:35,64.8989,45.7622,30.38,77,8,3.83
16,Biak,ID,2021-05-26 22:03:35,-0.9131,122.8766,76.32,84,46,6.35
17,Castro,BR,2021-05-26 22:03:35,-24.7911,-50.0119,56.95,65,87,0.96
18,Mataura,NZ,2021-05-26 22:03:36,-46.1927,168.8643,39.54,73,90,3.91
19,Cradock,ZA,2021-05-26 22:03:36,-32.1642,25.6192,56.7,58,38,5.64
20,Mahebourg,MU,2021-05-26 22:03:36,-20.4081,57.7,72.25,87,8,4.0
21,Laguna,US,2021-05-26 22:03:36,38.421,-121.4238,90.1,17,1,3.0
22,Ozernovskiy,RU,2021-05-26 22:03:37,51.5,156.5167,40.26,84,100,1.72
23,Kure,JP,2021-05-26 22:03:18,34.2333,132.5667,59.74,96,100,11.3
24,Rikitea,PF,2021-05-26 22:03:37,-23.1203,-134.9692,76.03,72,91,20.31
25,Gandajika,CD,2021-05-26 22:03:37,-6.75,23.95,65.55,48,1,4.76
26,Georgetown,MY,2021-05-26 22:00:26,5.4112,100.3354,78.73,94,40,2.98
27,Lagoa,PT,2021-05-26 22:03:37,39.05,-27.9833,59.34,69,39,18.21
28,Quatre Cocos,MU,2021-05-26 22:03:38,-20.2078,57.7625,72.09,89,12,5.93
29,Dikson,RU,2021-05-26 22:03:38,73.5069,80.5464,25.92,96,100,13.53
30,Lavrentiya,RU,2021-05-26 22:03:38,65.5833,-171.0,37.17,74,3,13.02
31,Saint-Georges,GD,2021-05-26 22:01:50,12.0564,-61.7485,80.42,78,85,11.27
32,Busselton,AU,2021-05-26 22:03:38,-33.65,115.3333,51.04,66,37,14.45
33,Atuona,PF,2021-05-26 22:02:44,-9.8,-139.0333,79.02,76,72,11.9
34,Butaritari,KI,2021-05-26 22:03:39,3.0707,172.7902,83.39,79,84,20.0
35,Naliya,IN,2021-05-26 22:03:39,23.2667,68.8333,84.4,76,59,18.25
36,Egvekinot,RU,2021-05-26 22:03:39,66.3167,-179.1667,40.17,44,14,15.1
37,Hualmay,PE,2021-05-26 22:03:40,-11.0964,-77.6139,68.38,81,12,8.72
38,Nouakchott,MR,2021-05-26 22:03:40,18.0858,-15.9785,69.73,74,1,17.27
39,Lola,GN,2021-05-26 22:03:40,7.8,-8.5333,71.37,96,100,2.73
40,Tasiilaq,GL,2021-05-26 22:03:40,65.6145,-37.6368,39.36,89,100,31.94
41,Hithadhoo,MV,2021-05-26 22:03:41,-0.6,73.0833,83.95,70,100,21.05
42,Alyangula,AU,2021-05-26 22:03:41,-13.8483,136.4192,76.12,71,39,11.83
43,Geraldton,AU,2021-05-26 22:03:41,-28.7667,114.6,54.01,54,48,13.42
44,Edd,ER,2021-05-26 22:03:41,13.9297,41.6925,87.46,65,30,2.66
45,Nikolskoye,RU,2021-05-26 22:03:42,59.7035,30.7861,44.49,97,71,6.82
46,Rocha,UY,2021-05-26 22:03:42,-34.4833,-54.3333,56.75,74,51,14.65
47,Haines Junction,CA,2021-05-26 22:03:42,60.7522,-137.5108,50.07,76,100,1.45
48,Avarua,CK,2021-05-26 22:03:42,-21.2078,-159.775,82.45,78,75,8.05
49,Lebu,CL,2021-05-26 22:03:43,-37.6167,-73.65,57.65,93,100,5.97
50,Cape Town,ZA,2021-05-26 22:01:25,-33.9258,18.4232,58.12,85,100,1.01
51,Tahta,EG,2021-05-26 22:03:43,26.7693,31.5021,85.8,16,0,8.81
52,Seminole,US,2021-05-26 22:03:43,28.7086,-81.2081,93.25,40,1,3.0
53,Atambua,ID,2021-05-26 22:03:43,-9.1061,124.8925,70.39,85,71,6.64
54,Kapaa,US,2021-05-26 22:03:44,22.0752,-159.319,82.38,72,20,3.0
55,Flinders,AU,2021-05-26 22:03:44,-34.5833,150.8552,53.2,76,0,1.01
56,Clyde River,CA,2021-05-26 22:03:44,70.4692,-68.5914,30.25,82,21,9.57
57,Bagdarin,RU,2021-05-26 22:03:45,54.4333,113.6,42.15,72,46,2.59
58,Puerto Ayora,EC,2021-05-26 22:03:45,-0.7393,-90.3518,84.16,90,40,4.0
59,Yar-Sale,RU,2021-05-26 22:03:45,66.8333,70.8333,30.25,71,4,8.1
60,Topchikha,RU,2021-05-26 22:03:46,52.8192,83.1185,75.78,55,38,9.75
61,Provideniya,RU,2021-05-26 22:03:46,64.3833,-173.3,44.71,57,0,17.9
62,Pacifica,US,2021-05-26 22:03:47,37.6138,-122.4869,86.68,75,40,8.01
63,Ilheus,BR,2021-05-26 22:00:49,-14.7889,-39.0494,72.14,77,1,4.25
64,Hamilton,US,2021-05-26 22:01:03,39.1834,-84.5333,75.6,89,90,1.01
65,Urucara,BR,2021-05-26 22:03:48,-2.5364,-57.76,81.1,76,93,1.39
66,Grindavik,IS,2021-05-26 22:03:48,63.8424,-22.4338,47.55,81,75,30.78
67,Nisia Floresta,BR,2021-05-26 22:03:48,-6.0911,-35.2086,77.81,81,20,11.05
68,Honningsvag,NO,2021-05-26 22:03:49,70.9821,25.9704,38.75,69,37,3.96
69,Souillac,MU,2021-05-26 22:03:49,-20.5167,57.5167,72.36,89,13,3.76
70,Rawson,AR,2021-05-26 21:59:05,-43.3002,-65.1023,52.59,63,100,4.14
71,New Norfolk,AU,2021-05-26 22:03:49,-42.7826,147.0587,45.9,51,57,7.43
72,Bonavista,CA,2021-05-26 22:03:50,48.6499,-53.1147,41.11,93,100,11.72
73,Arraial Do Cabo,BR,2021-05-26 22:02:43,-22.9661,-42.0278,71.98,77,2,12.82
74,Palaikastron,GR,2021-05-26 22:03:50,35.2,26.25,70.66,70,0,7.76
75,Margate,GB,2021-05-26 22:01:58,51.3813,1.3862,54.3,79,100,1.99
76,Ranong,TH,2021-05-26 22:03:50,9.9658,98.6348,78.35,92,100,9.53
77,Barrow,US,2021-05-26 22:03:51,71.2906,-156.7887,33.82,86,90,14.97
78,Hilo,US,2021-05-26 22:00:14,19.7297,-155.09,88.29,76,47,5.01
79,Khuzhir,RU,2021-05-26 22:03:51,53.1939,107.3397,40.8,72,75,9.01
80,Saldanha,ZA,2021-05-26 22:03:51,-33.0117,17.9442,58.23,83,100,6.6
81,Quesnel,CA,2021-05-26 22:03:51,52.9999,-122.5029,65.17,44,100,6.38
82,Nizhniy Tsasuchey,RU,2021-05-26 22:03:52,50.5167,115.1333,46.96,72,79,5.59
83,Tiznit,MA,2021-05-26 22:03:52,29.5833,-9.5,59.9,81,16,3.4
84,Djambala,CG,2021-05-26 22:03:52,-2.5447,14.7533,74.79,61,100,3.22
85,Mattru,SL,2021-05-26 22:03:52,7.6244,-11.8332,76.17,94,49,1.52
86,Saskylakh,RU,2021-05-26 22:03:53,71.9167,114.0833,37.0,94,100,10.45
87,Torbay,CA,2021-05-26 22:03:20,47.6666,-52.7314,49.75,93,100,5.88
88,Union De Reyes,CU,2021-05-26 22:03:53,22.7953,-81.5375,82.58,53,38,14.52
89,Chokurdakh,RU,2021-05-26 22:03:53,70.6333,147.9167,38.71,74,69,8.97
90,Port Alfred,ZA,2021-05-26 22:03:54,-33.5906,26.891,60.26,78,90,5.35
91,Buin,CL,2021-05-26 22:03:54,-33.7333,-70.75,68.05,32,4,4.21
92,Sitka,US,2021-05-26 22:03:54,57.0531,-135.33,51.69,66,75,8.05
93,Imeni Stepana Razina,RU,2021-05-26 22:03:54,54.8932,44.2963,52.77,75,24,3.8
94,Srednekolymsk,RU,2021-05-26 22:03:55,67.45,153.6833,55.18,46,90,13.22
95,Port Hedland,AU,2021-05-26 22:03:55,-20.3167,118.5667,68.05,40,40,6.91
96,Kruisfontein,ZA,2021-05-26 22:03:55,-34.0033,24.7314,49.89,83,100,4.21
97,Thompson,CA,2021-05-26 22:03:56,55.7435,-97.8558,46.87,26,94,8.84
98,Ushuaia,AR,2021-05-26 22:02:56,-54.8,-68.3,28.06,100,90,17.27
99,Joniskis,LT,2021-05-26 22:03:56,56.2403,23.6153,50.92,94,68,9.8
100,Shaygino,RU,2021-05-26 22:03:56,57.7675,46.8618,41.16,83,58,4.21
101,Narsaq,GL,2021-05-26 22:03:56,60.9167,-46.05,35.82,99,100,0.69
102,Zhigansk,RU,2021-05-26 22:03:57,66.7697,123.3711,50.5,77,100,7.29
103,Ambulu,ID,2021-05-26 22:03:57,-8.345,113.6058,74.1,90,92,3.85
104,Szczytno,PL,2021-05-26 22:00:01,53.5626,20.9875,49.93,100,75,2.3
105,Lompoc,US,2021-05-26 22:03:57,34.6391,-120.4579,77.02,72,1,13.8
106,Airai,TL,2021-05-26 22:03:57,-8.9266,125.4092,55.74,90,50,4.23
107,Baruun-Urt,MN,2021-05-26 22:02:13,46.6806,113.2792,46.87,70,100,9.35
108,Port Blair,IN,2021-05-26 22:03:58,11.6667,92.75,82.4,81,100,17.09
109,Kavieng,PG,2021-05-26 22:03:58,-2.5744,150.7967,80.19,84,100,7.0
110,Evansville,US,2021-05-26 22:01:51,37.9748,-87.5558,82.18,76,90,1.99
111,Khatanga,RU,2021-05-26 22:03:58,71.9667,102.5,24.06,96,52,9.93
112,Yumen,CN,2021-05-26 22:03:58,40.2833,97.2,62.67,14,56,5.86
113,Asau,RO,2021-05-26 22:03:59,46.4333,26.4,57.4,98,85,1.57
114,Constitucion,CL,2021-05-26 22:03:59,-35.3333,-72.4167,58.64,85,59,10.16
115,Bredasdorp,ZA,2021-05-26 22:03:59,-34.5322,20.0403,51.28,84,100,2.48
116,Saint-Joseph,RE,2021-05-26 22:03:59,-21.3667,55.6167,70.18,83,18,0.72
117,Tateyama,JP,2021-05-26 22:04:00,34.9833,139.8667,67.01,87,100,3.67
118,Vila Franca Do Campo,PT,2021-05-26 22:04:00,37.7167,-25.4333,61.21,84,91,10.85
119,Hanzhong,CN,2021-05-26 22:04:00,33.0728,107.0303,61.68,77,100,0.96
120,Fortuna,US,2021-05-26 22:04:00,40.5982,-124.1573,81.19,65,75,3.0
121,Tilichiki,RU,2021-05-26 22:04:01,60.4667,166.1,34.68,99,100,5.39
122,Camara De Lobos,PT,2021-05-26 22:04:01,32.6333,-16.9667,66.0,86,20,1.99
123,Lata,PT,2021-05-26 22:04:01,40.1629,-8.3327,64.72,87,69,2.42
124,Kamina,CD,2021-05-26 22:04:01,-8.7386,24.9906,58.51,55,0,4.0
125,Chicaman,GT,2021-05-26 22:04:02,15.4,-90.7667,72.72,88,100,4.25
126,Jaslo,PL,2021-05-26 22:04:02,49.7451,21.4725,53.58,90,11,4.99
127,Jamestown,US,2021-05-26 22:04:02,42.097,-79.2353,70.09,78,90,5.99
128,San Patricio,US,2021-05-26 22:04:03,28.017,-97.5169,88.52,69,50,16.31
129,Norman Wells,CA,2021-05-26 22:04:03,65.282,-126.8329,57.27,38,100,9.15
130,Severo-Kurilsk,RU,2021-05-26 22:04:03,50.6789,156.125,38.34,98,100,12.57
131,Lukhovitsy,RU,2021-05-26 22:04:03,54.9728,39.0361,57.54,79,90,5.53
132,Sao Filipe,CV,2021-05-26 22:04:04,14.8961,-24.4956,74.64,75,0,11.68
133,Jiazi,CN,2021-05-26 22:04:04,22.8779,116.067,81.36,86,44,8.5
134,Mumford,GH,2021-05-26 22:04:04,5.2618,-0.759,81.1,87,28,11.39
135,Yellowknife,CA,2021-05-26 22:00:34,62.456,-114.3525,50.32,31,100,3.0
136,Talnakh,RU,2021-05-26 22:04:05,69.4865,88.3972,17.04,97,50,2.35
137,Hermanus,ZA,2021-05-26 22:04:05,-34.4187,19.2345,57.9,80,97,1.97
138,Deputatskiy,RU,2021-05-26 22:04:05,69.3,139.9,44.67,69,100,14.14
139,Warragul,AU,2021-05-26 22:04:05,-38.1667,145.9333,52.65,91,100,8.99
140,Soure,BR,2021-05-26 22:04:06,-0.7167,-48.5233,80.01,82,56,7.76
141,Xiaoweizhai,CN,2021-05-26 22:04:06,26.1903,107.5125,63.21,95,97,2.48
142,Imeni Babushkina,RU,2021-05-26 22:04:06,59.7573,43.1285,40.82,78,99,6.26
143,Kodiak,US,2021-05-26 22:04:06,57.79,-152.4072,51.31,71,1,5.75
144,Socorro,US,2021-05-26 22:01:53,31.6546,-106.3033,97.45,9,71,12.97
145,Araouane,ML,2021-05-26 22:04:07,18.9048,-3.5265,97.81,18,100,1.14
146,Pevek,RU,2021-05-26 22:04:07,69.7008,170.3133,32.14,84,1,1.66
147,Sumbe,AO,2021-05-26 22:04:07,-11.2061,13.8437,75.43,77,0,5.79
148,Jocotitlan,MX,2021-05-26 22:04:08,19.7058,-99.7878,80.19,30,99,9.44
149,East London,ZA,2021-05-26 22:04:08,-33.0153,27.9116,65.14,78,94,6.58
150,Mayo,US,2021-05-26 22:04:08,38.8876,-76.5119,82.56,75,20,2.89
151,Tuatapere,NZ,2021-05-26 22:04:08,-46.1333,167.6833,45.27,82,100,8.46
152,Carmona,PH,2021-05-26 22:04:09,14.3,121.0167,81.64,80,99,4.94
153,Rio Verde De Mato Grosso,BR,2021-05-26 22:04:09,-18.9181,-54.8442,76.15,64,2,2.01
154,Saint-Augustin,CA,2021-05-26 22:04:09,51.226,-58.6502,43.48,96,100,9.13
155,Fare,PF,2021-05-26 22:04:09,-16.7,-151.0167,81.43,69,11,10.85
156,Kuito,AO,2021-05-26 22:04:10,-12.3833,16.9333,53.01,55,0,2.33
157,Alice Springs,AU,2021-05-26 22:04:10,-23.7,133.8833,36.95,81,20,8.68
158,Robertsport,LR,2021-05-26 22:04:10,6.7533,-11.3686,81.9,80,57,9.78
159,Avera,US,2021-05-26 22:04:10,33.194,-82.5271,93.07,34,35,11.68
160,Tarauaca,BR,2021-05-26 22:00:06,-8.1614,-70.7656,80.28,70,92,1.61
161,Barda,AZ,2021-05-26 22:04:11,40.3744,47.1267,58.28,95,79,6.89
162,Upernavik,GL,2021-05-26 22:04:11,72.7868,-56.1549,33.15,90,100,11.79
163,Kyshtovka,RU,2021-05-26 22:04:11,56.555,76.6271,54.64,76,72,13.35
164,Ornskoldsvik,SE,2021-05-26 22:04:11,63.2909,18.7153,49.82,71,90,16.11
165,Atasu,KZ,2021-05-26 22:04:12,48.6814,71.6433,69.48,31,7,9.35
166,Neijiang,CN,2021-05-26 22:04:12,29.5835,105.0622,64.06,91,100,3.09
167,Bambous Virieux,MU,2021-05-26 22:04:12,-20.3428,57.7575,72.21,88,9,4.59
168,Awjilah,LY,2021-05-26 22:04:12,29.1081,21.2869,80.15,22,0,9.78
169,Zhezkazgan,KZ,2021-05-26 22:04:13,47.8043,67.7144,73.33,24,49,8.1
170,Shingu,JP,2021-05-26 22:04:13,33.7333,135.9833,59.92,97,100,10.49
171,Cidreira,BR,2021-05-26 22:04:13,-30.1811,-50.2056,59.88,68,0,4.65
172,Brooks,CA,2021-05-26 22:04:14,50.5834,-111.8851,62.04,54,96,14.9
173,Revda,RU,2021-05-26 22:04:14,56.801,59.9303,50.81,93,4,5.48
174,Maroua,CM,2021-05-26 22:04:14,10.591,14.3159,88.45,38,4,4.47
175,Kaitangata,NZ,2021-05-26 22:04:14,-46.2817,169.8464,39.06,64,59,4.16
176,Ribeira Grande,PT,2021-05-26 22:04:15,38.5167,-28.7,59.95,69,92,16.82
177,Chambas,CU,2021-05-26 22:04:15,22.1928,-78.9136,82.02,61,60,14.45
178,Muros,ES,2021-05-26 22:04:15,42.7762,-9.0603,62.83,70,49,8.84
179,Jalingo,NG,2021-05-26 22:04:16,8.8833,11.3667,77.13,81,100,5.68
180,Kangaatsiaq,GL,2021-05-26 22:04:16,68.3065,-53.4641,44.49,60,85,11.1
181,Yangambi,CD,2021-05-26 22:04:17,0.8102,24.4336,71.42,77,93,2.26
182,Eyl,SO,2021-05-26 22:04:17,7.9803,49.8164,79.2,74,10,20.0
183,Melo,UY,2021-05-26 22:04:17,-32.3667,-54.1833,54.21,77,34,8.14
184,Bengkulu,ID,2021-05-26 22:04:17,-3.8004,102.2655,77.52,81,97,4.5
185,Carballo,ES,2021-05-26 22:04:18,43.213,-8.691,58.42,91,61,2.24
186,Dekar,BW,2021-05-26 22:04:18,-21.5333,21.9333,55.9,37,0,6.89
187,Liverpool,GB,2021-05-26 21:59:53,53.4106,-2.9779,51.3,77,10,6.35
188,Bethel,US,2021-05-26 22:00:04,41.3712,-73.414,86.72,69,75,1.01
189,Dingle,PH,2021-05-26 22:04:18,10.9995,122.6711,78.28,87,25,3.94
190,Ponta Do Sol,PT,2021-05-26 22:04:19,32.6667,-17.1,66.0,78,94,7.34
191,Komsomolskiy,UZ,2021-05-26 22:04:19,40.4272,71.7189,69.22,43,82,4.68
192,Mar Del Plata,AR,2021-05-26 22:02:39,-38.0023,-57.5575,58.12,47,97,3.0
193,Batticaloa,LK,2021-05-26 22:04:19,7.7102,81.6924,82.58,64,100,19.17
194,Rong Kwang,TH,2021-05-26 22:04:19,18.339,100.3174,75.52,93,100,1.1
195,Umm Kaddadah,SD,2021-05-26 22:04:20,13.6017,26.6876,85.77,37,97,8.25
196,Beringovskiy,RU,2021-05-26 22:04:20,63.05,179.3167,33.67,88,99,14.5
197,Semey,KZ,2021-05-26 22:04:20,50.4111,80.2275,73.0,34,4,5.3
198,Emerald,AU,2021-05-26 22:04:20,-23.5333,148.1667,64.35,55,44,15.52
199,Fairbanks,US,2021-05-26 22:04:02,64.8378,-147.7164,64.74,31,75,0.0
200,Port Shepstone,ZA,2021-05-26 22:04:21,-30.7414,30.455,65.07,84,73,5.59
201,Esperance,AU,2021-05-26 22:04:21,-33.8667,121.9,55.72,66,100,15.5
202,Naze,JP,2021-05-26 22:04:21,28.3667,129.4833,76.12,89,86,23.17
203,Longyearbyen,SJ,2021-05-26 22:04:22,78.2186,15.6401,35.44,75,75,6.91
204,Tekeli,KZ,2021-05-26 22:01:14,44.83,78.8239,62.98,42,25,6.98
205,Giaveno,IT,2021-05-26 22:04:22,45.047,7.3492,60.04,68,98,1.01
206,Kahului,US,2021-05-26 22:04:22,20.8947,-156.47,87.82,61,20,17.27
207,Kouango,CF,2021-05-26 22:04:22,4.9934,19.9619,71.89,98,97,6.13
208,Todos Santos,MX,2021-05-26 22:04:23,23.45,-110.2167,98.31,70,56,9.28
209,Shenjiamen,CN,2021-05-26 22:04:23,29.9576,122.298,67.51,96,100,9.62
210,Port Elizabeth,ZA,2021-05-26 22:04:23,-33.918,25.5701,52.11,83,99,4.12
211,Umm Lajj,SA,2021-05-26 22:01:46,25.0213,37.2685,89.74,32,0,5.95
212,Povoa De Varzim,PT,2021-05-26 22:04:24,41.3834,-8.7636,65.16,88,0,10.16
213,Jardim,BR,2021-05-26 22:02:09,-21.4803,-56.1381,77.22,51,8,3.0
214,Seddon,AU,2021-05-26 22:04:24,-37.8068,144.8916,54.09,86,75,1.99
215,Iquitos,PE,2021-05-26 22:04:24,-3.7481,-73.2472,75.24,94,75,1.14
216,Pisco,PE,2021-05-26 22:04:24,-13.7,-76.2167,65.01,91,90,5.03
217,Sipoo,FI,2021-05-26 22:04:25,60.3775,25.2691,48.63,86,20,13.0
218,Linjiang,CN,2021-05-26 22:04:25,41.8069,126.9078,46.53,96,100,1.95
219,Isangel,VU,2021-05-26 22:04:25,-19.55,169.2667,71.71,88,75,7.43
220,Tyn Nad Vltavou,CZ,2021-05-26 22:04:25,49.2234,14.4206,54.36,88,100,7.36
221,Caravelas,BR,2021-05-26 22:04:26,-17.7125,-39.2481,72.95,93,26,5.7
222,Talaya,RU,2021-05-26 22:04:26,61.3833,152.75,40.46,70,100,7.34
223,Milkovo,RU,2021-05-26 22:04:26,54.7167,158.6167,36.82,99,100,5.86
224,Mlonggo,ID,2021-05-26 22:04:27,-6.5333,110.7,82.29,87,100,6.96
225,Hobyo,SO,2021-05-26 22:04:27,5.3505,48.5268,78.84,78,82,20.33
226,Jurm,AF,2021-05-26 22:04:27,36.8648,70.8342,59.83,57,3,3.74
227,Homer,US,2021-05-26 22:04:28,59.6425,-151.5483,64.27,58,1,17.27
228,Pullman,US,2021-05-26 22:04:28,46.7313,-117.1796,71.22,43,40,11.01
229,Madikeri,IN,2021-05-26 22:04:28,12.4167,75.7333,62.35,98,98,3.98
230,Vihari,PK,2021-05-26 22:04:28,30.0333,72.35,93.06,13,0,7.29
231,Mufumbwe,ZM,2021-05-26 22:04:30,-13.6833,24.8,51.31,51,0,4.65
232,Felanitx,ES,2021-05-26 22:04:30,39.4696,3.1483,63.95,74,4,2.68
233,Sungairaya,ID,2021-05-26 22:04:30,0.7,108.9,77.25,90,100,6.62
234,Pombas,CV,2021-05-26 22:04:30,17.1503,-25.0201,71.38,80,42,12.68
235,Santa Maria,BR,2021-05-26 21:59:43,-29.6842,-53.8069,58.3,82,0,2.84
236,Teseney,ER,2021-05-26 22:04:31,15.11,36.6575,93.7,24,36,8.75
237,Ust-Ishim,RU,2021-05-26 22:04:31,57.6935,71.1665,49.84,76,100,16.78
238,Sobolevo,RU,2021-05-26 22:04:31,54.4299,31.8996,48.74,85,3,3.18
239,Fairfield,US,2021-05-26 22:00:29,41.2668,-73.3162,86.86,76,49,1.01
240,Boma,GH,2021-05-26 22:04:32,7.0805,-2.1697,73.89,97,99,2.21
241,Iqaluit,CA,2021-05-26 22:04:32,63.7506,-68.5145,32.7,59,19,5.01
242,Broome,US,2021-05-26 22:04:32,42.2506,-75.833,80.6,80,90,1.01
243,Lasa,IT,2021-05-26 22:04:32,46.6166,10.7002,52.54,95,74,3.49
244,Klaksvik,FO,2021-05-26 22:04:33,62.2266,-6.589,41.92,76,100,17.74
245,Ranfurly,NZ,2021-05-26 22:04:33,-45.1333,170.1,33.06,69,30,4.52
246,Conceicao Do Araguaia,BR,2021-05-26 22:01:09,-8.2578,-49.2647,76.35,61,3,3.27
247,Leningradskiy,RU,2021-05-26 22:04:33,69.3833,178.4167,33.96,84,29,7.11
248,Peniche,PT,2021-05-26 22:04:34,39.3558,-9.3811,65.62,85,100,15.21
249,Balkhash,KZ,2021-05-26 22:04:34,46.844,74.9804,72.7,32,61,11.03
250,Qaqortoq,GL,2021-05-26 22:04:34,60.7167,-46.0333,36.1,98,100,2.46
251,Nanortalik,GL,2021-05-26 22:04:34,60.1432,-45.2371,35.89,96,100,5.93
252,Bulgan,MN,2021-05-26 22:04:35,48.8125,103.5347,42.6,74,100,5.5
253,Minsk,BY,2021-05-26 21:59:40,53.9,27.5667,44.35,83,15,5.68
254,Hobart,AU,2021-05-26 22:02:23,-42.8794,147.3294,46.06,74,75,1.01
255,Majene,ID,2021-05-26 22:04:35,-3.5403,118.9707,78.12,90,89,7.31
256,Puerto Del Rosario,ES,2021-05-26 22:04:35,28.5004,-13.8627,65.95,63,20,17.27
257,Chuy,UY,2021-05-26 22:04:36,-33.6971,-53.4616,54.05,79,62,8.75
258,Agadez,NE,2021-05-26 22:04:36,19.75,10.25,86.92,6,0,7.38
259,Camana,PE,2021-05-26 22:04:36,-16.6228,-72.7111,67.91,79,99,1.5
260,Gisborne,NZ,2021-05-26 22:04:36,-38.6533,178.0042,53.94,67,78,9.35
261,Portree,GB,2021-05-26 22:04:37,57.4129,-6.1942,48.85,82,53,6.87
262,Chhindwara,IN,2021-05-26 22:04:37,22.0667,78.9333,82.4,36,100,8.95
263,La Ronge,CA,2021-05-26 22:04:37,55.1001,-105.2842,44.49,36,1,6.69
264,Esik,KZ,2021-05-26 22:04:37,43.3552,77.4525,63.82,49,86,7.63
265,Korla,CN,2021-05-26 22:04:38,41.7597,86.1469,75.92,13,97,2.77
266,Saint-Francois,FR,2021-05-26 22:04:38,46.4154,3.9054,53.04,87,0,2.3
267,Mount Gambier,AU,2021-05-26 22:04:38,-37.8333,140.7667,52.99,86,83,9.13
268,Belmonte,BR,2021-05-26 22:04:39,-15.8631,-38.8828,79.3,75,0,5.88
269,Ilulissat,GL,2021-05-26 22:04:39,69.2167,-51.1,57.22,35,89,24.16
270,Linhares,BR,2021-05-26 22:04:39,-19.3911,-40.0722,70.75,86,39,5.14
271,Saint George,US,2021-05-26 22:00:30,37.1041,-113.5841,92.62,11,1,4.0
272,Codrington,AU,2021-05-26 22:04:39,-38.2667,141.9667,53.82,82,70,14.34
273,Richards Bay,ZA,2021-05-26 22:04:40,-28.783,32.0377,63.97,94,11,4.0
274,Bouar,CF,2021-05-26 22:04:40,5.934,15.596,65.7,94,97,3.2
275,Mahibadhoo,MV,2021-05-26 22:04:40,3.7833,72.9667,82.96,75,100,21.05
276,Husavik,IS,2021-05-26 22:04:41,66.0449,-17.3389,49.15,71,94,4.14
277,Palembang,ID,2021-05-26 22:01:57,-2.9167,104.7458,75.16,95,100,2.82
278,Canchungo,GW,2021-05-26 22:04:41,12.0672,-16.0333,75.85,72,59,8.19
279,Victoria,HK,2021-05-26 22:04:22,22.2855,114.1577,84.38,85,75,1.01
280,Balsas,BR,2021-05-26 22:00:22,-7.5325,-46.0356,79.05,46,1,2.95
281,Vao,NC,2021-05-26 22:04:41,-22.6667,167.4833,71.94,69,8,9.91
282,Ulladulla,AU,2021-05-26 22:04:41,-35.35,150.4667,51.87,70,0,5.44
283,Kanniyakumari,IN,2021-05-26 22:04:42,8.0833,77.5667,79.45,84,100,25.12
284,Illapel,CL,2021-05-26 22:04:42,-31.6308,-71.1653,70.03,32,0,1.36
285,Faya,SA,2021-05-26 22:04:42,18.3851,42.4509,68.52,39,1,1.77
286,Bayan,CN,2021-05-26 22:04:43,46.0833,127.4,52.99,63,60,3.78
287,Lebedinyy,RU,2021-05-26 22:04:43,58.5167,125.5167,43.79,78,89,3.44
288,Accra,GH,2021-05-26 22:04:43,5.556,-0.1969,81.9,83,30,10.92
289,Datong,CN,2021-05-26 22:04:43,40.0936,113.2914,56.77,28,96,9.48
290,Tambopata,PE,2021-05-26 22:04:44,-12.7333,-69.1833,78.21,72,13,0.81
291,Mount Isa,AU,2021-05-26 22:01:15,-20.7333,139.5,58.77,36,27,10.36
292,Altay,CN,2021-05-26 22:04:44,47.8667,88.1167,65.62,29,0,8.21
293,Salima,MW,2021-05-26 22:04:44,-13.7804,34.4587,60.08,65,0,3.71
294,Guerrero Negro,MX,2021-05-26 22:04:45,27.9769,-114.0611,73.06,47,57,16.28
295,Tanout,NE,2021-05-26 22:04:45,14.9709,8.8879,84.7,7,5,8.01
296,Oskaloosa,US,2021-05-26 22:04:45,41.2964,-92.6444,81.32,55,0,5.91
297,Cabedelo,BR,2021-05-26 22:04:46,-6.9811,-34.8339,77.67,82,34,13.44
298,Maltahohe,NA,2021-05-26 22:04:46,-24.8333,16.9833,57.69,35,1,5.77
299,Solnechnyy,RU,2021-05-26 22:04:46,50.7214,136.6319,39.76,80,100,2.1
300,Olinda,BR,2021-05-26 22:02:46,-8.0089,-34.8553,76.73,73,40,13.44
301,Tshane,BW,2021-05-26 22:04:47,-24.0196,21.8684,54.88,36,31,6.6
302,High Level,CA,2021-05-26 22:04:47,58.5169,-117.136,49.66,74,100,8.72
303,Snezhnogorsk,RU,2021-05-26 22:04:47,69.1933,33.2531,28.18,80,22,3.36
304,Diamantino,BR,2021-05-26 22:00:10,-14.4086,-56.4461,80.13,61,59,3.36
305,Dunedin,NZ,2021-05-26 22:04:47,-45.8742,170.5036,50.81,40,28,14.0
306,Gainesville,US,2021-05-26 22:03:19,29.6516,-82.3248,92.86,36,1,1.01
307,Sur,OM,2021-05-26 22:04:48,22.5667,59.5289,91.81,38,14,9.19
308,Coquimbo,CL,2021-05-26 22:02:02,-29.9533,-71.3436,64.49,63,0,3.0
309,Talcahuano,CL,2021-05-26 22:04:48,-36.7167,-73.1167,56.88,94,90,4.61
310,Shelby,US,2021-05-26 22:04:48,35.2001,-89.8668,85.08,68,40,1.01
311,Manokwari,ID,2021-05-26 22:01:02,-0.8667,134.0833,75.85,91,100,5.59
312,Pauini,BR,2021-05-26 22:04:48,-7.7136,-66.9764,80.58,76,100,2.24
313,Alofi,NU,2021-05-26 22:04:49,-19.0595,-169.9187,77.72,77,29,4.0
314,Cabo San Lucas,MX,2021-05-26 22:00:13,22.8909,-109.9124,98.82,42,100,13.8
315,Bonthe,SL,2021-05-26 22:04:49,7.5264,-12.505,81.52,81,48,5.99
316,Omsukchan,RU,2021-05-26 22:04:49,62.5333,155.8,36.93,80,100,6.04
317,Pimentel,PE,2021-05-26 22:04:50,-6.8367,-79.9342,69.01,81,85,4.0
318,Oksfjord,NO,2021-05-26 22:04:50,70.2396,22.3479,41.07,79,19,3.53
319,Vaitape,PF,2021-05-26 22:04:50,-16.5167,-151.75,81.55,71,24,13.33
320,Itoman,JP,2021-05-26 22:04:50,26.1247,127.6694,80.98,89,40,17.27
321,Port Lincoln,AU,2021-05-26 22:04:51,-34.7333,135.8667,55.9,77,7,4.18
322,Taree,AU,2021-05-26 22:04:51,-31.9,152.4667,53.11,76,0,4.61
323,Malpe,IN,2021-05-26 22:04:51,13.35,74.7167,78.1,79,100,5.21
324,Cuervos,MX,2021-05-26 22:04:52,32.6314,-114.8556,104.76,8,80,6.98
325,Nogent-Le-Rotrou,FR,2021-05-26 22:04:52,48.3333,1.0,50.05,96,98,4.14
326,Kashi,CN,2021-05-26 22:04:52,39.4547,75.9797,66.18,22,12,2.24
327,Taloqan,AF,2021-05-26 22:04:52,36.7361,69.5345,71.13,28,0,7.38
328,Zhuanghe,CN,2021-05-26 22:04:53,39.7008,122.9911,57.67,83,1,6.96
329,Semme,FR,2021-05-26 22:04:53,46.1963,1.5007,52.21,95,60,2.75
330,Puerto Colombia,CO,2021-05-26 22:02:30,10.9878,-74.9547,81.68,82,93,23.09
331,Belturbet,IE,2021-05-26 22:04:53,54.1,-7.45,51.62,92,90,1.92
332,Muroto,JP,2021-05-26 22:00:36,33.2833,134.15,59.04,94,100,21.65
333,Balakhta,RU,2021-05-26 22:04:54,55.38,91.6,45.61,76,69,5.12
334,Mende,FR,2021-05-26 22:04:54,44.6667,3.5,39.34,94,59,2.04
335,Kangaba,ML,2021-05-26 22:04:54,11.9333,-8.4167,86.34,45,98,6.46
336,Ixtapa,MX,2021-05-26 22:04:54,20.7,-105.2,83.43,70,1,16.11
337,Los Llanos De Aridane,ES,2021-05-26 22:04:55,28.6585,-17.9182,64.15,84,75,15.48
338,Minot,US,2021-05-26 22:04:55,48.2325,-101.2963,56.48,35,1,6.91
339,Carnarvon,AU,2021-05-26 22:04:55,-24.8667,113.6333,55.47,71,55,6.91
340,San Cristobal,VE,2021-05-26 22:00:29,7.7669,-72.225,78.76,51,83,5.3
341,Olean,US,2021-05-26 22:03:08,42.0776,-78.4297,71.1,100,90,11.36
342,Virginia Beach,US,2021-05-26 22:04:33,36.8529,-75.978,95.07,56,40,13.8
343,Gat,IL,2021-05-26 22:04:56,31.61,34.7642,77.4,55,0,1.23
344,Acapulco,MX,2021-05-26 22:01:57,16.8634,-99.8901,89.87,46,32,11.61
345,Auki,SB,2021-05-26 22:04:56,-8.7676,160.7034,80.98,74,100,12.15
346,Portel,BR,2021-05-26 22:04:56,-1.9356,-50.8211,81.01,73,87,2.39
347,Qeshm,IR,2021-05-26 22:04:56,26.9581,56.2719,89.47,64,0,6.06
348,Najran,SA,2021-05-26 22:04:57,17.4924,44.1277,78.22,15,0,3.74
349,Toppenish,US,2021-05-26 22:04:57,46.3774,-120.3087,78.35,32,39,3.74
350,Jeremie,HT,2021-05-26 22:04:57,18.65,-74.1167,82.99,73,19,5.44
351,Vendome,FR,2021-05-26 22:04:58,47.8,1.0667,56.01,98,100,3.22
352,El Jicaro,GT,2021-05-26 22:04:58,14.9167,-89.9,92.73,66,95,5.61
353,Arlit,NE,2021-05-26 22:04:58,18.7369,7.3853,88.21,4,79,8.08
354,Arroyo,ES,2021-05-26 22:04:59,41.6096,-4.7969,59.9,67,0,7.4
355,Viedma,AR,2021-05-26 22:04:59,-40.8135,-62.9967,54.64,58,95,9.46
356,Port Hardy,CA,2021-05-26 22:04:59,50.6996,-127.4199,48.63,86,100,13.67
357,Rorvik,NO,2021-05-26 22:04:59,64.8621,11.2373,48.69,86,38,11.41
358,Asfi,MA,2021-05-26 22:05:00,32.2994,-9.2372,64.47,93,2,7.34
359,Galveston,US,2021-05-26 22:00:30,29.3669,-94.9669,90.21,76,3,4.0
360,Dwarka,IN,2021-05-26 22:05:00,22.2394,68.9678,84.18,76,76,18.43
361,Marawi,PH,2021-05-26 22:05:00,7.9986,124.2928,66.65,93,83,2.3
362,Cape Coast,GH,2021-05-26 22:05:00,5.1053,-1.2466,81.1,86,32,12.17
363,Ryotsu,JP,2021-05-26 22:05:01,38.0833,138.4333,58.96,73,100,3.18
364,Dong Xoai,VN,2021-05-26 22:05:01,11.5333,106.9167,74.82,96,100,3.58
365,Ratnagiri,IN,2021-05-26 22:02:43,16.9833,73.3,82.83,68,96,9.73
366,Atar,MR,2021-05-26 22:05:01,20.5169,-13.0499,89.19,15,0,7.25
367,Damabalas,PH,2021-05-26 22:05:02,7.0156,124.5142,74.32,95,56,0.72
368,Black Forest,US,2021-05-26 22:05:02,39.0131,-104.7008,70.7,51,75,5.01
369,Houston,US,2021-05-26 22:04:05,29.7633,-95.3633,90.3,66,20,10.0
370,Port Macquarie,AU,2021-05-26 22:05:02,-31.4333,152.9167,55.89,64,0,10.96
371,Minna,NG,2021-05-26 22:05:03,9.6139,6.5569,84.16,54,85,8.3
372,Silver City,US,2021-05-26 22:05:03,32.7701,-108.2803,84.92,7,1,10.0
373,Hasaki,JP,2021-05-26 22:05:04,35.7333,140.8333,64.8,77,100,18.97
374,Aksarka,RU,2021-05-26 22:05:04,66.5606,67.7975,30.6,65,5,7.83
375,Beauvais,FR,2021-05-26 22:05:04,49.4167,2.0,52.77,83,0,4.61
376,Napasar,IN,2021-05-26 22:05:04,27.9667,73.55,91.89,45,10,12.97
377,Itaguai,BR,2021-05-26 22:03:00,-22.8522,-43.7753,74.59,90,18,2.01
378,Verkhnyaya Inta,RU,2021-05-26 22:05:05,65.9811,60.3094,33.78,63,73,4.63
379,Manaus,BR,2021-05-26 22:01:07,-3.1019,-60.025,84.7,79,20,3.44
380,Karwar,IN,2021-05-26 22:05:05,14.8,74.1333,80.67,78,78,11.27
381,Biltine,TD,2021-05-26 22:05:05,14.5333,20.9167,87.8,12,78,1.59
382,Seoul,KR,2021-05-26 22:05:06,37.5683,126.9778,60.37,77,90,6.64
383,Namibe,AO,2021-05-26 22:05:06,-15.1961,12.1522,74.19,72,0,2.3
384,Bereda,ES,2021-05-26 22:05:06,43.2686,-7.5406,51.55,98,77,3.2
385,Hutchinson,US,2021-05-26 22:04:34,38.0608,-97.9298,84.31,61,1,3.0
386,Toora-Khem,RU,2021-05-26 22:05:07,52.4675,96.11,40.44,94,21,1.23
387,Aleksandrov Gay,RU,2021-05-26 22:05:07,50.147,48.5704,62.28,56,55,15.32
388,Pucallpa,PE,2021-05-26 22:04:21,-8.3791,-74.5539,81.46,71,73,3.0
389,Sola,VU,2021-05-26 22:05:07,-13.8833,167.55,79.47,74,40,0.0
390,Arenal,CO,2021-05-26 22:05:08,8.4593,-73.9433,92.44,53,100,2.93
391,Dargaville,NZ,2021-05-26 22:05:08,-35.9333,173.8833,56.01,64,1,3.04
392,Heihe,CN,2021-05-26 22:05:08,50.2441,127.4902,43.38,76,76,6.2
393,San Quintin,MX,2021-05-26 22:05:08,30.4833,-115.95,67.71,66,99,14.67
394,Rosetta,EG,2021-05-26 22:05:09,31.4044,30.4164,71.67,76,0,7.07
395,Tamandare,BR,2021-05-26 22:05:09,-8.7597,-35.1047,76.82,80,10,9.4
396,Elizabeth City,US,2021-05-26 22:05:09,36.2946,-76.2511,95.05,56,1,11.5
397,Avare,BR,2021-05-26 22:05:05,-23.0986,-48.9258,66.6,39,97,3.69
398,Karratha,AU,2021-05-26 22:05:10,-20.7377,116.8463,70.63,58,11,14.94
399,Labuhan,ID,2021-05-26 22:05:10,-6.8844,112.2051,77.83,87,48,9.73
400,Along,IN,2021-05-26 22:05:10,28.1667,94.7667,72.41,100,100,0.63
401,Palmer,US,2021-05-26 22:05:10,42.1584,-72.3287,87.73,51,40,9.08
402,Hemsedal,NO,2021-05-26 22:05:11,60.8629,8.5534,45.16,87,94,9.46
403,Santiago Del Estero,AR,2021-05-26 22:00:28,-27.7951,-64.2615,65.98,46,5,3.58
404,Bangkal,PH,2021-05-26 22:05:11,6.0667,121.0667,77.36,87,92,5.99
405,Aykhal,RU,2021-05-26 22:05:11,66.0,111.5,48.29,63,79,4.21
406,Cherskiy,RU,2021-05-26 22:05:12,68.75,161.3,56.73,36,53,6.51
407,Yulara,AU,2021-05-26 22:05:12,-25.2406,130.9889,43.63,71,1,11.01
408,Yerbogachen,RU,2021-05-26 22:05:12,61.2767,108.0108,38.62,54,75,7.05
409,Maragogi,BR,2021-05-26 22:05:12,-9.0122,-35.2225,77.4,78,20,10.33
410,Urumqi,CN,2021-05-26 22:00:19,43.801,87.6005,70.75,23,0,3.51
411,Nueve De Julio,AR,2021-05-26 22:01:10,-35.4444,-60.8831,59.72,73,9,7.83
412,Srandakan,ID,2021-05-26 22:05:13,-7.9386,110.2506,76.28,86,98,5.66
413,Vanimo,PG,2021-05-26 22:05:13,-2.6741,141.3028,78.44,87,100,4.16
414,Ternate,ID,2021-05-26 22:05:13,0.8,127.4,81.28,80,31,4.88
415,Gazimurskiy Zavod,RU,2021-05-26 22:05:14,51.5461,118.3266,42.33,71,80,1.01
416,Barao De Melgaco,BR,2021-05-26 22:05:14,-16.1944,-55.9675,86.52,49,40,4.12
417,Tiksi,RU,2021-05-26 22:05:14,71.6872,128.8694,34.07,94,63,2.3
418,Tecoanapa,MX,2021-05-26 22:05:14,16.5167,-98.75,89.8,48,100,10.54
419,Kattivakkam,IN,2021-05-26 22:05:15,13.2167,80.3167,89.08,62,92,16.33
420,Magistralnyy,RU,2021-05-26 22:05:15,56.1725,107.4458,35.22,79,21,4.32
421,Birin,NP,2021-05-26 22:05:15,26.8865,88.0718,61.63,96,100,5.79
422,Lewistown,US,2021-05-26 22:05:15,40.5992,-77.5714,86.77,61,1,11.5
423,Storebo,NO,2021-05-26 22:05:16,60.0948,5.2271,59.05,56,92,1.01
424,Oranjemund,NA,2021-05-26 22:05:16,-28.55,16.4333,58.08,79,60,3.56
425,Chimoio,MZ,2021-05-26 22:05:16,-19.1164,33.4833,53.15,78,0,2.51
426,Encarnacion,PY,2021-05-26 22:05:17,-27.3333,-55.9,66.72,68,0,2.3
427,Sarangani,PH,2021-05-26 22:05:17,5.4033,125.4636,83.35,76,97,10.78
428,Maceio,BR,2021-05-26 22:00:19,-9.6658,-35.7353,78.24,78,0,9.69
429,Porto Belo,BR,2021-05-26 22:03:16,-27.1578,-48.5531,66.16,74,0,4.27
430,Deniliquin,AU,2021-05-26 22:05:17,-35.5333,144.9667,44.01,93,0,6.55
431,Meridian,US,2021-05-26 22:05:17,43.6121,-116.3915,72.32,40,1,1.99
432,Kumluca,TR,2021-05-26 22:05:18,36.3703,30.2869,74.44,61,2,3.09
433,Anloga,GH,2021-05-26 22:05:18,5.7947,0.8973,82.45,83,21,11.9
434,Paracuru,BR,2021-05-26 22:05:18,-3.41,-39.0306,82.42,78,6,11.65
435,Ruthin,GB,2021-05-26 22:05:19,53.1137,-3.3178,51.37,92,11,3.4
436,Beloyarskiy,RU,2021-05-26 22:05:19,63.7119,66.6722,36.88,83,100,10.83
437,Havre-Saint-Pierre,CA,2021-05-26 22:05:19,50.2334,-63.5986,46.76,100,90,12.66
438,Bambanglipuro,ID,2021-05-26 22:05:19,-7.95,110.2833,76.1,87,98,5.82
439,Dharchula,IN,2021-05-26 22:05:20,29.85,80.5333,67.14,43,3,6.46
440,Cayenne,GF,2021-05-26 22:05:20,4.9333,-52.3333,79.09,88,75,3.0
441,Tual,ID,2021-05-26 22:05:20,-5.6667,132.75,81.43,74,100,25.01
442,Ascension,US,2021-05-26 22:05:20,30.2169,-90.9001,90.05,51,75,3.44
443,Tafresh,IR,2021-05-26 22:05:21,34.692,50.013,60.48,49,5,1.12
444,Coos Bay,US,2021-05-26 22:03:35,43.3665,-124.2179,78.85,69,1,10.36
445,Labuan,MY,2021-05-26 22:05:21,5.2767,115.2417,78.96,79,100,5.79
446,Tessalit,ML,2021-05-26 22:05:21,20.1986,1.0114,95.34,6,100,6.85
447,Zaykovo,RU,2021-05-26 22:05:22,57.5613,62.7568,49.5,76,65,8.25
448,Pervomayskiy,RU,2021-05-26 22:05:22,53.2485,40.2871,58.14,71,6,6.31
449,Okhotsk,RU,2021-05-26 22:05:22,59.3833,143.3,39.81,85,98,2.44
450,Igrim,RU,2021-05-26 22:05:22,63.1906,64.4162,37.04,69,91,10.18
451,Ostrovnoy,RU,2021-05-26 22:05:23,68.0531,39.5131,35.08,72,29,2.62
452,Poum,NC,2021-05-26 22:05:23,-20.2333,164.0167,72.16,62,71,13.73
453,Lexington,US,2021-05-26 22:01:12,37.9887,-84.4777,71.49,86,75,1.01
454,Hofn,IS,2021-05-26 22:05:23,64.2539,-15.2082,43.39,82,81,5.82
455,Xuddur,SO,2021-05-26 22:05:23,4.1213,43.8894,70.27,84,83,15.17
456,Katsuura,JP,2021-05-26 22:05:24,35.1333,140.3,67.1,88,100,8.48
457,Iwanai,JP,2021-05-26 22:05:24,42.9744,140.5089,56.53,67,59,3.15
458,Aldama,MX,2021-05-26 22:05:24,22.9167,-98.0667,95.81,46,16,13.96
459,Kapuskasing,CA,2021-05-26 22:05:25,49.4169,-82.4331,46.36,44,87,14.47
460,Kavaratti,IN,2021-05-26 22:05:25,10.5669,72.642,83.23,74,100,16.55
461,Svetlaya,RU,2021-05-26 22:05:25,46.5389,138.3297,43.43,85,100,2.73
462,Khani,GE,2021-05-26 22:05:25,41.9563,42.9566,47.77,85,16,4.59
463,Buchanan,LR,2021-05-26 22:05:25,5.8808,-10.0467,78.76,84,83,6.96
464,Humaita,BR,2021-05-26 22:05:26,-7.5061,-63.0208,82.08,64,38,2.44
465,Pacific Grove,US,2021-05-26 22:05:26,36.6177,-121.9166,85.15,78,40,3.0
466,Sampit,ID,2021-05-26 22:05:26,-2.5333,112.95,74.26,98,44,2.75
467,Coron,PH,2021-05-26 22:05:27,11.9986,120.2043,79.41,83,75,3.62
468,Puerto Lleras,CO,2021-05-26 22:05:27,3.0223,-73.4044,70.66,99,100,2.53
469,Samfya,ZM,2021-05-26 22:05:27,-11.3649,29.5565,54.99,67,0,7.85
470,Coyaima,CO,2021-05-26 22:05:28,3.7994,-75.1947,82.78,69,62,5.35
471,Houma,US,2021-05-26 22:02:58,29.5958,-90.7195,90.0,69,40,18.41
472,Chandbali,IN,2021-05-26 22:05:28,20.7833,86.7667,80.2,78,100,19.53
473,Adeje,ES,2021-05-26 22:05:28,28.1227,-16.726,67.01,70,75,5.99
474,Limon,CR,2021-05-26 22:05:28,10.0,-83.0333,75.88,95,100,2.17
475,Cascais,PT,2021-05-26 22:01:43,38.6979,-9.4215,65.52,56,20,11.01
476,Lazaro Cardenas,MX,2021-05-26 22:04:16,17.9583,-102.2,85.5,54,100,12.71
477,Belaya Gora,RU,2021-05-26 22:05:31,68.5333,146.4167,53.64,51,63,17.4
478,Pasighat,IN,2021-05-26 22:05:31,28.0667,95.3333,74.61,99,100,4.12
479,Pemangkat,ID,2021-05-26 22:05:31,1.1667,108.9667,77.31,88,98,7.2
480,Radomsko,PL,2021-05-26 22:05:31,51.0671,19.4448,57.81,93,100,2.64
481,Watertown,US,2021-05-26 22:05:32,42.3709,-71.1828,92.05,58,1,18.99
482,Itarema,BR,2021-05-26 22:05:32,-2.9248,-39.9167,79.2,80,11,10.78
483,Evensk,RU,2021-05-26 22:05:32,61.95,159.2333,39.0,96,100,14.7
484,Sinnamary,GF,2021-05-26 22:05:32,5.3833,-52.95,77.9,89,99,10.04
485,Paamiut,GL,2021-05-26 22:05:33,61.994,-49.6678,36.68,94,100,4.5
486,Shelburne,CA,2021-05-26 22:02:53,44.0787,-80.2041,71.67,77,100,15.86
487,Amudat,UG,2021-05-26 22:05:33,1.95,34.95,68.14,66,100,1.79
488,Imeni Morozova,RU,2021-05-26 22:05:33,59.9757,31.0376,44.64,92,29,5.66
489,Prince Rupert,CA,2021-05-26 22:01:34,54.3161,-130.3201,48.6,81,100,6.82
490,Shubarshi,KZ,2021-05-26 22:05:34,48.5872,57.1869,75.22,43,54,14.74
491,Tezpur,IN,2021-05-26 22:02:38,26.6333,92.8,74.89,96,100,3.18
492,Anchorage,US,2021-05-26 22:04:32,61.2181,-149.9003,70.68,45,1,4.61
493,Grand Gaube,MU,2021-05-26 22:05:34,-20.0064,57.6608,72.37,80,5,3.0
494,Kuminskiy,RU,2021-05-26 22:05:34,58.6667,66.5667,45.84,90,100,11.61
495,Ancud,CL,2021-05-26 22:05:35,-41.8697,-73.8203,57.42,96,100,18.12
496,Burglengenfeld,DE,2021-05-26 22:05:35,49.2056,12.0414,50.4,81,20,9.08
497,Lorengau,PG,2021-05-26 22:05:35,-2.0226,147.2712,80.29,85,94,7.72
498,Revelstoke,CA,2021-05-26 22:05:35,50.9832,-118.2023,66.99,50,91,3.38
499,Sembe,CG,2021-05-26 22:05:36,1.6481,14.5806,73.31,94,97,1.48
500,Bagaha,IN,2021-05-26 22:05:36,27.1,84.0833,76.73,90,100,3.04
501,Basco,PH,2021-05-26 22:05:36,20.4487,121.9702,85.05,75,9,12.17
502,Acarau,BR,2021-05-26 22:05:37,-2.8856,-40.12,79.63,79,23,12.75
503,Mehamn,NO,2021-05-26 22:05:37,71.0357,27.8492,38.07,73,32,6.53
504,Halifax,CA,2021-05-26 22:05:37,44.6453,-63.5724,65.08,74,57,5.01
505,Henties Bay,NA,2021-05-26 22:05:37,-22.116,14.2845,65.68,66,0,6.31
506,Brownsville,US,2021-05-26 22:05:38,25.9018,-97.4975,89.71,69,75,5.99
507,Saint Anthony,US,2021-05-26 22:05:38,45.0205,-93.218,67.33,41,1,1.99
508,Polunochnoye,RU,2021-05-26 22:05:38,60.8697,60.4153,39.02,84,98,6.98
509,Hami,CN,2021-05-26 22:05:39,42.8,93.45,75.11,14,0,10.83
510,Tusnad,RO,2021-05-26 22:05:39,46.2,25.9,58.91,97,93,3.42
511,Sehithwa,BW,2021-05-26 22:05:39,-20.4667,22.7167,55.78,43,0,5.77
512,San Francisco,US,2021-05-26 22:02:12,37.7749,-122.4194,89.04,69,40,4.0
513,Yeppoon,AU,2021-05-26 22:05:39,-23.1333,150.7333,58.78,75,0,5.99
514,Eureka,US,2021-05-26 22:04:47,40.8021,-124.1637,71.67,72,35,8.99
515,Charlestown,AU,2021-05-26 22:05:40,-32.95,151.6667,54.1,73,1,3.0
516,Fort Nelson,CA,2021-05-26 22:00:42,58.8053,-122.7002,55.29,45,100,6.89
517,Baicheng,CN,2021-05-26 22:05:40,45.6167,122.8167,55.67,53,93,6.31
518,Minab,IR,2021-05-26 22:05:41,27.1467,57.0801,89.1,49,0,8.03
519,Dutlwe,BW,2021-05-26 22:05:41,-23.9833,23.9,54.34,36,16,3.69
520,Tura,IN,2021-05-26 22:05:41,25.5198,90.2201,71.35,90,76,5.79
521,Goderich,CA,2021-05-26 22:01:34,43.7501,-81.7165,63.91,79,99,23.8
522,Necochea,AR,2021-05-26 22:05:42,-38.5473,-58.7368,57.04,63,97,14.99
523,Winburg,ZA,2021-05-26 22:05:42,-28.518,27.0093,47.89,61,72,3.49
524,Kabanjahe,ID,2021-05-26 22:05:42,3.1001,98.4908,64.78,98,100,1.68
525,Ishigaki,JP,2021-05-26 22:05:43,24.3448,124.1572,83.25,85,84,18.61
526,Jumla,NP,2021-05-26 22:05:44,29.2747,82.1838,56.52,86,99,1.92
527,Port-Gentil,GA,2021-05-26 22:02:17,-0.7193,8.7815,79.61,86,100,13.56
528,Bad Sachsa,DE,2021-05-26 22:05:44,51.595,10.5555,48.25,94,48,10.07
529,Faanui,PF,2021-05-26 22:05:44,-16.4833,-151.75,81.57,70,24,13.24
530,Nadym,RU,2021-05-26 22:01:09,65.5333,72.5167,33.44,93,97,16.11
531,Kailua,US,2021-05-26 22:04:52,21.4022,-157.7394,87.78,64,7,10.78
532,Saint Thomas,BB,2021-05-26 22:05:44,13.1833,-59.5833,78.12,69,40,17.52
533,Camrose,CA,2021-05-26 22:01:08,53.0168,-112.8353,58.71,71,93,17.16
534,Pavlovsk,RU,2021-05-26 22:05:45,50.4578,40.1081,60.82,66,95,4.21
535,Kindu,CD,2021-05-26 22:05:45,-2.95,25.95,69.62,77,93,1.1
536,Salalah,OM,2021-05-26 22:05:45,17.0151,54.0924,82.49,83,40,4.61
537,Awbari,LY,2021-05-26 22:05:46,26.5921,12.7805,89.37,11,5,9.51
538,Jhajjar,IN,2021-05-26 22:05:46,28.6063,76.6565,92.32,21,10,4.54
539,Road Town,VG,2021-05-26 22:05:46,18.4167,-64.6167,83.19,69,20,10.36
540,Marshall,US,2021-05-26 22:05:47,34.3834,-86.3333,86.38,48,40,1.99
541,Surgut,RU,2021-05-26 22:05:47,61.25,73.4167,42.98,100,75,23.8
542,Coihaique,CL,2021-05-26 22:01:04,-45.5752,-72.0662,41.13,97,100,4.61
